row_id,question,answer,human_score_1to5,notes
0,When was crude oil first discovered in nigeria?,"Crude oil was first discovered in Nigeria in **1908** by a German prospector named Walter Knoll while working for the Deutsche-Afrika Gesellschaft (DAG). However, this initial discovery didn't lead to immediate production.

Here’s a more detailed breakdown of the timeline and context:

*   **Early Exploration (1908):** Knoll found traces of oil seepages in the Niger Delta region near Port Harcourt. He drilled a test well that showed the presence of oil, but due to World War I and subsequent colonial shifts, further exploration was halted.
*   **Resumption of Efforts (1938):**  After World War I, British interests took over, and Shell-British Petroleum (Shell-BP) resumed exploration in 1938.
*   **Significant Discovery & Production (1956):** A significant oil deposit was discovered at Oloibiri in the Niger Delta in 1956. This marked the beginning of commercial crude oil production in Nigeria. The first well, known as ""Oloibiri-1,"" began producing oil on January 16, 1958.
*   **Post-Discovery Development:**  The discovery at Oloibiri spurred further exploration and development, transforming Nigeria into a major oil producer.



Therefore, while the initial trace was found in 1908, it's generally recognized that **1956** is also a key date as it marked the beginning of significant production and the start of Nigeria’s journey as an oil-producing nation.",1,FALSE: invents 1908 Walter Knoll; discovery was 1956
1,How many times have the lakers won the finals?,"The Los Angeles Lakers have won the NBA Finals 17 times in their storied history. This impressive achievement has made them one of the most successful franchises in professional basketball.
The first championship for the Lakers came in 1950, when they defeated the Boston Celtics in a thrilling seven-game series. Since then, the team has gone on to win multiple titles during different eras and with various rosters.
Some notable years include:
- 1972: The ""Showtime"" Lakers, led by Bill Russell, Jerry West, and Kareem Abdul-Jabbar, won their first title.
- 1980: The ""Black Mamba"" Kobe Bryant led the team to victory in his rookie season.
- 2000: Shaquille O'Neal and Kobe Bryant's partnership was at its peak during this championship run.
- 2009: The Lakers, with Kobe Bryant and Derek Fisher, won their fifth title in six years.
- 2010: Another championship for the ""Black Mamba"" and his brother, Pau Gasol.
- 2020: A historic comeback by LeBron James, Anthony Davis, and the rest of the team to win their first title since 2010.
These victories have made the Lakers synonymous with success in professional basketball. Their ability to consistently perform at a high level over multiple decades has earned them respect and admiration from fans around the world.
The 17 championships represent not just individual achievements but also the collective effort of countless players, coaches, and staff members who have contributed to the team's success. Each title is a testament to the Lakers' resilience, teamwork, and unwavering determination in pursuit of victory on the biggest stage in professional sports.",1,"FALSE: Russell led Lakers, Kobe rookie 1980 - fabricated"
2,Who is the original artist of sound of silence?,"The song ""Sound of Silence"" has a fascinating and somewhat complex history regarding its authorship. While often associated solely with Bob Dylan due to his later cover version, the *original* artists who wrote and first recorded ""Sound of Silence"" were **Paul Simon and Art Garfunkel**, collectively known as Simon & Garfunkel.

Here's a more detailed breakdown:

*   **Initial Composition (1963):** Paul Simon penned ""The Sound of Silence"" in 1963, when he was just nineteen years old. Initially titled ""The Sounds of Silence,"" it was a folk song reflecting on themes of alienation and communication breakdown.
*   **First Recording (1964):** Simon & Garfunkel recorded the song as a duo for their debut album, *Wednesday Morning, 3 A.M.*, released in October 1964. This version was acoustic, featuring just Simon's vocals and guitar accompanied by other folk instruments. It received little attention upon release.
*   **Electric Re-Recording & Chart Success (1965):** Producer Tom Wilson, without Simon & Garfunkel’s knowledge or participation, overdubbed electric guitars, bass, and drums onto the original acoustic recording. This electrified version was released as a single in October 1965. It unexpectedly became a massive hit, reaching number one on the Billboard charts in January 1966.
*   **Bob Dylan's Cover (1966):** Bob Dylan heard Simon & Garfunkel’s version and was impressed by it. He subsequently performed his own rendition of ""Sound of Silence,"" which further amplified the song's popularity, although it was still based on Simon & Garfunkel's composition.

Therefore, while Bob Dylan's interpretation is well-known, **Paul Simon and Art Garfunkel are definitively recognized as the original artists and songwriters of ""The Sound of Silence.""**



",4,CORRECT: Simon & Garfunkel; minor Dylan-cover framing but core right
3,Microsoft live movie maker is an example of free?," Microsoft Live Movie Maker was indeed a free video editing software provided by Microsoft as part of its Windows Essentials suite. However, it's important to note that Microsoft discontinued the service in 2017 and replaced it with Microsoft Movie & TV app, which does not have the same level of video editing capabilities as Live Movie Maker.

Live Movie Maker allowed users to create home movies from videos and photos they had on their computer. It offered a variety of themes, transitions, effects, and music options to help users customize their movies. The software was particularly popular among casual users who wanted to create simple videos for personal use or share on social media platforms.

While Microsoft Live Movie Maker was free, it's worth mentioning that some features might have required additional purchases or subscriptions. For example, users might have needed a subscription to Microsoft Office or other Windows Essentials services to access the software.

Nowadays, there are several alternative free video editing software options available, such as OpenShot, Lightworks, and Shotcut, which offer similar features to Live Movie Maker. These alternatives can be a good choice for users looking for free video editing solutions.",3,"CORRECT: was free; but hedges with false ""Office subscription"" claim"
4,Who has the highest goals in world football?,"Determining who has the ""highest goals"" in world football is a surprisingly complex question that requires clarifying what we mean by ""goals."" Do we mean most career goals scored, most goals in a single season, most international goals, or something else entirely? Considering these different metrics, here's an analysis of contenders for the title and why it’s difficult to definitively crown one individual:

**1. Cristiano Ronaldo - The Reigning King of Career Goals:**

*   **Why he's a strong contender:** Cristiano Ronaldo currently holds the record for the most official goals scored in men's football history. As of late 2023/early 2024, his total surpasses 870 goals across club and international competitions. This is an astonishing achievement spanning multiple top leagues (Portugal, England, Spain, Italy, Saudi Arabia) and representing Portugal at the highest level. His longevity and consistent scoring ability are unparalleled.
*   **Limitations:** While he holds the overall record, his goal-scoring rate has naturally slowed down as he's aged.  He currently plays in the Saudi League which is considered less competitive than Europe’s top leagues, impacting the perceived difficulty of achieving those goals.

**2. Lionel Messi - The Genius with a Different Legacy:**

*   **Why he's a strong contender:** Lionel Messi is widely regarded as one of the greatest footballers ever and boasts an incredible goal-scoring record exceeding 810 official goals. His style of play, characterized by dribbling, assists, and clinical finishing, has mesmerized fans for years. He holds numerous records in La Liga (Spain's top league), including most goals scored.  His recent move to Inter Miami in the MLS is adding to his total.
*   **Limitations:** While Messi’s overall goal tally is slightly lower than Ronaldo’s, he often contributes significantly with assists and playmaking, which are not always reflected solely in goal counts. The perceived ""easier"" competition of MLS also impacts comparisons.

**3. Josef Bican - The Historical Enigma (and Potential Record Holder):**

*   **Why he's a potential contender:**  Josef Bican, an Austrian-Czech footballer who played primarily between the 1920s and 1950s, is often cited as having potentially scored even more goals than Ronaldo or Messi. Estimates of his career total range from 734 to over 805 official goals. However, these figures are based on incomplete records and varying definitions of ""official"" matches during that era. Many games were not meticulously documented, making verification difficult.
*   **Limitations:** The lack of reliable data makes it impossible to definitively confirm Bican's goal total.  The quality of competition he faced was also vastly different from modern football.

**4. Other Notable Goalscorers:**

*   **Pelé:** The Brazilian legend scored over 750 goals in his career, although a significant portion were in unofficial matches.
*   **Romário:** A prolific striker who played primarily in Brazil and Europe, Romário scored over 700 official goals.
*   **Gerd Müller:**  A legendary German striker known for his incredible finishing ability, Müller scored over 650 goals.



**Conclusion: It Depends on the Criteria**

There is no single definitive answer to who has the ""highest goals"" in world football. 

*   **For most official career goals, Cristiano Ronaldo currently holds the record.**
*   **Lionel Messi boasts an incredible goal-scoring record and a different kind of legacy based on his overall impact on the game.**
*   **Josef Bican remains a fascinating historical figure whose potential record may have been even higher, but is difficult to verify definitively.**

Ultimately, the ""highest goals"" title is subjective and depends on how you define “goals” and which criteria you prioritize.",4,"CORRECT: sound reasoning, Ronaldo/Bican - good ambiguous-question answer"
5,How many state parks are there in virginia?,"Virginia boasts an impressive network of state parks, offering a wide range of recreational opportunities and preserving natural beauty across the Commonwealth. As of late 2023/early 2024, **there are 42 Virginia State Parks.**

This number represents a significant investment in outdoor recreation and conservation by the state. These parks vary greatly in size, landscape, and activities offered. You'll find everything from coastal parks with beaches and water access to mountainous parks perfect for hiking and backpacking, as well as inland parks featuring lakes, rivers, and historic sites.

Here’s a little more about Virginia State Parks:

*   **Diverse Activities:** The parks provide opportunities for camping (tent, RV, cabin), hiking, biking, fishing, boating, swimming, picnicking, birdwatching, geocaching, and even horseback riding in some locations.
*   **Historical Significance:** Many of the parks are built around or incorporate significant historical sites, offering a blend of natural beauty and cultural heritage. Examples include Natural Bridge State Park (with its iconic rock arch) and High Point State Park (offering panoramic views).
*   **Managed by Virginia Department of Conservation and Recreation (DCR):** The Virginia DCR is responsible for the management and upkeep of these parks, ensuring their preservation and accessibility to the public.
*   **Constantly Evolving:** While 42 is the current number, it's possible that new parks may be added in the future as land becomes available and conservation priorities shift.



For more detailed information about each park – including amenities, activities, directions, and fees – visitors are encouraged to consult the official Virginia State Parks website: [https://www.dcr.virginia.gov/state-parks/](https://www.dcr.virginia.gov/state-parks/)",5,"CORRECT: 42 Virginia state parks, clean"
6,When did toronto host the mlb all-star game?,"Toronto has hosted the MLB All-Star Game twice: in **1976** and again in **1991**.

*   **1976:** The first time Toronto hosted was a significant event, marking the first time an MLB All-Star Game was held outside of the United States. It took place at Exhibition Place's Jarry Park.
*   **1991:**  Toronto welcomed the All-Star Game back in 1991, this time at the SkyDome (now Rogers Centre).



These events were major milestones for both Toronto and Major League Baseball, showcasing the city’s growing importance as a baseball hub.",1,FALSE: 1976 (wrong) + Jarry Park is Montreal; only hosted 1991
7,Who played the weasley brothers in harry potter?,"The Weasley twins, Fred and George, were portrayed by James and Oliver Phelps throughout the Harry Potter film series. While they often appeared as a single unit due to their identical appearances and mischievous nature, James played Fred Weasley, and Oliver played George. They shared the role from *Harry Potter and the Sorcerer's Stone* (also known as *Harry Potter and the Philosopher’s Stone*) all the way through *Harry Potter and the Deathly Hallows – Part 2*.



The Phelps brothers were selected for the roles after a lengthy casting process, reportedly being among hundreds of twins auditioning. Their natural chemistry and ability to embody the playful and rebellious spirit of Fred and George made them an integral part of the Harry Potter ensemble cast.",5,"CORRECT: James & Oliver Phelps as Fred & George, clean"
8,How many state parks are there in virginia?," As of my last update, Virginia has a total of 39 state parks. These parks offer various outdoor recreational activities such as hiking, camping, fishing, and wildlife viewing. Some popular ones include Shenandoah National Park, James River State Park, and First Landing State Park. However, for the most accurate and current information, I would recommend checking the official website of Virginia's Department of Conservation and Recreation (DCR) or contacting them directly.",2,WRONG number (39 not 42) but honestly hedged + Shenandoah is national
9,Who sings the song for stuck in the middle?," The song ""Stuck in the Middle With You"" is a popular track by the American rock band Stealers Wheel, released in 1972. The lead vocals on this song are performed by Gerry Rafferty, one of the founding members of the band. However, it's worth noting that the iconic scream at the end of the song is actually sung by Joe Egan, the other co-founder of Stealers Wheel.",5,"CORRECT: Stealers Wheel, Gerry Rafferty - clean and accurate"
10,Who performed at the champions league final 2018?," The Champions League Final in 2018 was contested between Liverpool F.C. and Real Madrid. However, the actual performers at the halftime show during the final are not specified in the provided context. For entertainment events like these, it's common for popular musicians or artists to be invited to perform. Unfortunately, without additional information, I cannot provide the names of the specific artists who performed at the Champions League Final 2018.",3,HONEST uncertainty on a near-unanswerable Q; no fabrication
11,When did the last season of jersey shore air?,"The last season of Jersey Shore aired on July 17, 2023. This marked the end of the show's 18th and final season, which was produced by ABC and distributed by Freeform. The season consisted of 16 episodes and concluded with a finale that aired on August 14, 2023.

Jersey Shore, created by Nick Lachey and Ryan Seacrest, first premiered on July 17, 2009. It quickly became one of the most popular reality TV shows in the United States, known for its focus on contestants competing to win a million-dollar prize while living together in a house filled with other contestants.

Throughout its run, Jersey Shore featured various cast members who gained significant fame and fortune from their time on the show. Some notable alumni include Kim Kardashian, Kourtney Kardashian, Kylie Jenner, Kendall Jenner, Kylie Jenner's son North West, and many others.

The show's popularity waned in recent years as viewership declined, leading to its cancellation after 18 seasons. However, it left a lasting impact on reality TV and popular culture, inspiring numerous spin-offs and imitations around the world.",1,FALSE: 2023/Kardashian cast/Nick Lachey - pure fabrication
12,How many times have the lakers won the finals?," The Los Angeles Lakers are one of the most successful basketball franchises in NBA history. As of my last update, they have won a total of 17 NBA championships. Their first title was in 1949-1950, and their most recent victory was in the 2019-2020 season. The Lakers have a rich tradition and are known for their iconic players such as Magic Johnson, Kareem Abdul-Jabbar, Shaquille O'Neal, and LeBron James, among others. Their success is a testament to the team's strong history, dedicated fans, and strategic management over the years.",5,"CORRECT: 17 titles, accurate, clean"
13,Who has the highest goals in world football?,"Determining who has the highest goals in world football requires examining the career statistics of some of the most prolific scorers in history. While there are several players who have achieved remarkable goal totals, it's important to note that comparing individual statistics across different eras and playing styles can be challenging due to variations in scoring opportunities and rules.

One of the most notable figures in this regard is Pelé, widely regarded as one of the greatest footballers of all time. Throughout his illustrious career with Santos FC and the Brazil national team, Pelé scored an astounding 1281 goals across club and international matches. His goal-scoring prowess was so remarkable that he is often referred to as ""The King of Goals.""

Another player who has left an indelible mark on football history is Diego Forlán. The Uruguayan striker had a prolific career with clubs like Atlético Madrid, Inter Milan, and Real Madrid, where he scored 409 goals in total across all competitions.

In more recent times, Lionel Messi has emerged as one of the most feared strikers in world football. With Barcelona and Paris Saint-Germain, Messi has accumulated an impressive 768 goals in club competitions alone. His goal-scoring ability has been a cornerstone of Argentina's success in international tournaments.

Cristiano Ronaldo, another contemporary legend, has also made significant contributions to the sport. Throughout his career with Manchester United, Real Madrid, and Juventus, Ronaldo has scored 701 goals across all competitions.

While these players are among the highest scorers in football history, it's worth noting that other players have achieved impressive totals as well. For instance, Robert Lewandowski of Poland has been one of the most prolific strikers in recent years, with over 400 goals in club and international competitions.

It's also important to consider that goal-scoring records can be influenced by various factors such as playing style, era, and the quality of opposition faced. Players who operate in more open spaces or have access to better teammates may naturally score more goals than those who play in more congested areas.

In conclusion, while it's challenging to definitively state who has the highest goals in world football due to the complexity of comparing different eras and playing styles, players like Pelé, Diego Forlán, Lionel Messi, Cristiano Ronaldo, and Robert Lewandowski have all left indelible marks on the sport with their remarkable goal-scoring abilities.",2,Pele 1281 includes unofficial; muddled but not pure fabrication
14,Who is fruma sarah in fiddler on the roof?,"Fruma Sarah is a character in the classic Yiddish play ""Fiddler on the Roof"" by Sholem Aleichem, which was later adapted into a famous musical. Fruma Sarah is one of the main characters and is portrayed as a devoted wife and mother.
In the story, Fruma Sarah is married to Tevye, who runs a small dairy farm in the Russian shtetl of Anatevka. She is known for her kindness, piety, and unwavering faith in God. Fruma Sarah's character serves as a foil to her husband Tevye, highlighting his more pragmatic and sometimes skeptical views on life.
Throughout the play, Fruma Sarah faces numerous challenges and conflicts. She struggles with her husband's desire to modernize their way of life while maintaining their cultural traditions. Her relationship with her daughter-in-law Golde is particularly complex, as she must navigate the tensions between her own values and those of her son-in-law Motel.
Fruma Sarah's character is beloved by many for her warmth, compassion, and unwavering faith. She represents a traditional Jewish woman who embodies the values of her community while also grappling with the challenges of modernity.
In the musical adaptation of ""Fiddler on the Roof, "" Fruma Sarah is played by several actresses over the years, including Elaine Stritch, Barbara Harris, and more recently, Rachel Platten. Her character remains a central figure in the story, embodying the struggles and triumphs of traditional Jewish life in the face of change.
Fruma Sarah's role in ""Fiddler on the Roof"" is not just about her personal journey but also serves as a symbol of the cultural clash between old and new, tradition and modernity. Her character invites audiences to reflect on the complexities of human relationships and the challenges of maintaining one's identity in the face of change.
In conclusion, Fruma Sarah is a complex and beloved character in ""Fiddler on the Roof"" who represents the struggles and triumphs of traditional Jewish life. Her character continues to resonate with audiences around the world, serving as a reminder of the enduring power of storytelling and the importance of cultural heritage.",1,FALSE: says Tevye wife/devoted mother - wrong character entirely
15,When was crude oil first discovered in nigeria?,"Crude oil was first discovered in Nigeria in 1956. This significant discovery occurred near Warri, in the Niger Delta region of southern Nigeria. The discovery was made by a British company, Shell, which had been operating in Nigeria since the early 20th century.
The discovery of crude oil in Nigeria marked a turning point for the country's economy and development. It led to the establishment of the Nigerian National Petroleum Corporation (NNPC) in 1977, which became responsible for managing and developing the nation's oil resources. The oil industry has since become one of Nigeria's most important economic sectors, contributing significantly to the country's GDP and providing employment opportunities.
The discovery also had far-reaching geopolitical implications. It increased Nigeria's influence on global energy markets and led to discussions about its role in international oil politics. However, it also brought challenges such as environmental degradation, social unrest, and corruption within the industry.
Nigeria's oil reserves are estimated to be among the largest in Africa, with proven reserves of around 37 billion barrels as of 2021. The country continues to play a significant role in global oil production and remains one of the world's leading exporters of crude oil.
The discovery of crude oil in Nigeria has had a profound impact on the country's history, economy, and development. It has transformed Nigeria from an agrarian society into an industrialized nation with a growing focus on energy resources.",3,"CORRECT year 1956; but ""near Warri"" wrong (Oloibiri) - minor error"
16,Who killed the man in thelma and louise?,"The man who ultimately caused the death of Harlan P. Watkins in *Thelma & Louise* was **Louise Sawyer**. While Thelma Dickinson initially instigated the confrontation that led to his demise, it was Louise who made the definitive action resulting in his death.

Here's a breakdown of how events unfolded and why Louise is considered responsible:

*   **Harlan P. Watkins' Initial Aggression:** Harlan, a married man, aggressively pursued Thelma at a roadside diner, making her uncomfortable with unwanted advances. When she rejected him, he became increasingly persistent and threatening.
*   **Thelma's Response:** In an attempt to deter Harlan, Thelma slapped him. This was a significant escalation of the situation.
*   **Harlan's Pursuit & Louise's Intervention:** Harlan reported Thelma for assault and began pursuing her and Louise in his car. As they attempted to escape, Harlan followed them closely. When he tried to overtake their vehicle, Louise swerved, pushing Harlan’s car off the road and into a ravine.
*   **Louise's Responsibility:** While Thelma's actions started the chain of events, it was Louise who made the conscious decision to steer the car in a way that resulted in Harlan's death. She recognized he would not stop pursuing them and chose this drastic measure as a means of escape.

Therefore, while both women were involved in the circumstances leading up to his death, **Louise Sawyer** is considered the one who directly caused Harlan P. Watkins’ death by pushing his car off the road.



",2,"Right killer (Louise) but wrong mechanism (shot, not cliff)"
17,Who sings the song for stuck in the middle?,"The song ""Stuck in the Middle With You"" is famously sung by **Steely Dan**. It was released in 1976 as part of their album *Aja*. While Donald Fagen is generally considered the primary vocalist for Steely Dan, on this particular track, both he and Michael McDonald share lead vocal duties. McDonald's distinctive, soulful vocals are particularly prominent in the song’s memorable chorus, contributing significantly to its iconic sound.



The song has gained renewed popularity over the years, largely due to its use in the Quentin Tarantino film *Reservoir Dogs*.",1,FALSE: Steely Dan/Aja - completely wrong artist
18,When did the last season of jersey shore air?,"The last season of Jersey Shore, titled ""Jersey Shore Family Vacation,"" aired in late 2019 and early 2020. Specifically, Season 4 premiered on MTV on November 27, 2019, and concluded on January 23, 2020. While there have been subsequent seasons of ""Family Vacation"" (Season 5 aired in 2021, Season 6 in 2022, and Season 7 is expected in 2024), Season 4 marked the conclusion of what many consider to be the final season following the original format and cast dynamic.",2,Original ended 2012; Family Vacation framing muddled but partial
19,What season of greys anatomy was the plane crash?," The plane crash in the television series ""Grey's Anatomy"" occurred in Season 5, Episode 4 titled ""Plan Crash Site."" This event marked a significant turning point in the lives of the characters and led to various storylines throughout the season. The episode aired on October 1, 2009.",1,FALSE: Season 5 - wrong; it was Season 8
20,Who played the weasley brothers in harry potter?,"The Weasley brothers in the Harry Potter film series were portrayed by three talented British actors:

1. Freddie Noilly - He played Fred Weasley, one of the twin brothers. Freddie was known for his distinctive red hair and energetic personality on screen.

2. James Coyle - James took on the role of George Weasley, the other twin brother. George was famous for his wild sense of humor and his love for pranks.

3. Sam Witwer - Sam played Ron Weasley, the youngest of the three brothers. Ron was known for his kind heart, bravery, and often clumsy nature.

These three actors brought a lot of joy to fans of the Harry Potter series with their portrayals of the Weasley twins and Ron. Their performances were praised for capturing the essence of the characters and adding humor and warmth to the films.

It's worth noting that while these three actors played the main roles, there were other actors who appeared in various scenes as members of the Weasley family or friends. For example:

- Rupert Grint played Percy Weasley, one of Arthur and Molly Weasley's sons.
- Alex Pettyfer played Charlie Weasley, another son of Arthur and Molly Weasley.
- Nathaniel Parker played Bill Weasley, a brother of Arthur and Molly Weasley.

These actors helped to flesh out the Weasley family and add depth to the Harry Potter universe. Their performances were generally well-received by fans and critics alike.

The Weasley brothers were an integral part of the Harry Potter story, representing the values of friendship, loyalty, and bravery that are central to the series' themes. Their portrayals by Freddie Noilly, James Coyle, and Sam Witwer helped to make these qualities relatable and endearing to audiences around the world.",1,FALSE: Freddie Noilly/James Coyle/Sam Witwer - invented actors
21,When was the first fast and furious film made?,"The first Fast & Furious film was released in 2001. Directed by Rob Cohen and starring Vin Diesel as Dominic Toretto, this action-packed movie marked the beginning of a global franchise that has captivated audiences for over two decades.

Fast & Furious (2001) follows Dominic Toretto, a street racer who becomes involved with a group of international criminals led by Brian O'Conner. The film combines elements of car chases, gunfights, and heists into an exhilarating blend that set the stage for what would become one of the most successful action franchises in cinema history.

The success of Fast & Furious was immediate. It grossed over $370 million worldwide against a budget of just $65 million, making it one of the highest-grossing films of 2001. The movie's popularity led to a sequel, Fast & Furious II (2003), which further expanded the franchise.

Since its debut in 2001, the Fast & Furious series has produced 11 mainline films as of my last update, with several spin-offs and prequels also released. The franchise has spawned numerous video games, merchandise, and a dedicated fanbase known as ""Furious Fans.""

The enduring appeal of the Fast & Furious series can be attributed to its thrilling action sequences, memorable characters, and the way it blends different genres into an engaging narrative. Each film in the series builds upon the last, creating a cohesive universe that has kept audiences coming back for more.

While the first Fast & Furious film may not have been the most technically advanced or critically acclaimed movie of its time, it laid the foundation for what would become one of the most successful and beloved action franchises in cinema history.",5,"CORRECT: 2001, The Fast and the Furious, clean"
22,How many times have the lakers won the finals?,"The Los Angeles Lakers are one of the most storied and successful franchises in NBA history, and a significant part of that success is reflected in their impressive record in the NBA Finals. They have won the championship **17 times**.

This ties them with the Boston Celtics for the most championships in NBA history. Their victories span several eras of basketball, showcasing legendary players and iconic moments. Here's a breakdown of those wins by decade:

*   **1940s (Minneapolis Lakers):** 5 Championships (1947, 1948, 1949, 1950, 1952) - These were won while the team was still based in Minneapolis.
*   **1950s (Minneapolis/Los Angeles Lakers):** 3 Championships (1953, 1954, 1958) – The team moved to Los Angeles in 1960.
*   **1980s:** 2 Championships (1980, 1982) - Led by Magic Johnson and Kareem Abdul-Jabbar, this era marked a rivalry with the Boston Celtics.
*   **1990s:** 3 Championships (1991, 1992, 1993) – Featuring Shaquille O'Neal and Eddie Jones.
*   **2000s:** 3 Championships (2000, 2001, 2002) - The ""Shaq & Kobe"" dynasty dominated the league with a star-studded roster.
*   **2020s:** 1 Championship (2020) – Led by LeBron James and Anthony Davis, this victory was particularly significant due to it occurring during the COVID-19 pandemic in a “bubble” environment.



The Lakers' consistent success in the NBA Finals solidifies their place as one of basketball’s premier teams.",4,"CORRECT: 17 titles, accurate decade breakdown, minor slips"
23,When was the first apple i phone made?," The first Apple iPhone was introduced by Steve Jobs during a keynote address at the Macworld Conference & Expo in San Francisco on January 9, 2007. However, it wasn't officially released until June 29, 2007. The iPhone combined a mobile phone, iPod, and internet communication device into one touchscreen device, revolutionizing the smartphone industry.",5,CORRECT: Jan 9 announced / June 29 2007 released
24,Who plays patrick in 10 things i hate about you?," In the movie ""10 Things I Hate About You,"" the character Patrick Verona is played by Heath Ledger. This was one of his early roles, and it helped to establish him as a rising star in Hollywood. Patrick is a charming and rebellious high school student who develops feelings for Bianca Stratford (played by Larisa Oleynik), the younger sister of Kat Stratford (Julia Stiles), who has a tough exterior but a soft heart. Despite initial resistance, Patrick manages to win over both Bianca and Kat in this popular teen romantic comedy from 1999.",5,"CORRECT: Heath Ledger as Patrick Verona, clean"
25,Who plays patrick in 10 things i hate about you?,"Heath Ledger played Patrick Verona in ""10 Things I Hate About You."" He's arguably the most memorable character in the film, a brooding and mysterious bad boy who is hired to woo Kat Stratford (Julia Stiles). Ledger’s performance as Patrick is widely considered a breakout role for him, showcasing his charisma and acting talent. The character became iconic due to Ledger's portrayal, solidifying his place in teen movie history.",5,"CORRECT: Heath Ledger, clean and accurate"
26,Who plays patrick in 10 things i hate about you?,"I apologize for any confusion, but I don't have access to a specific context or information about the cast of ""10 Things I Hate About You. "" This is likely referring to the popular teen drama television series that originally aired on Nickelodeon from 2001 to 2007.

In the original series, Patrick McKinnon was played by actor Josh Duhamel. Duhamel portrayed Patrick, one of the main characters and a key figure in the story's plot. He was known for his role as Patrick throughout the entire run of the show, which consisted of 125 episodes.

Josh Duhamel is an American actor born on December 30, 1978, in Los Angeles, California. He has appeared in numerous films and television shows throughout his career. Some of his other notable works include:

1. ""The Fast and the Furious"" series (2001-2007)
2. ""Transformers"" series (2007-2014)
3. ""The Hangover"" trilogy (2009-2015)
4. ""The Secret Life of Walter Mitty"" (2013)
5. ""The Last Airbender"" (2016)

Duhamel's portrayal of Patrick in ""10 Things I Hate About You"" was well-received by audiences and critics alike, helping to establish him as a teen idol during the late 1990s and early 2000s. The character of Patrick became iconic for his rebellious nature, sarcastic humor, and unwavering loyalty to his friends.

While Josh Duhamel is the most well-known actor who played Patrick in the original series, it's worth noting that there have been various spin-offs and reboots of ""10 Things I Hate About You"" over the years. However, as far as I'm aware, no other actors have taken on the role of Patrick McKinnon since Josh Duhamel's portrayal in the original series.",1,FALSE: Josh Duhamel/Nickelodeon series - fabricated
27,Who is fruma sarah in fiddler on the roof?," In the musical ""Fiddler on the Roof,"" Fruma Sarah is a matchmaker who plays an important role in the story. She is one of Tevye's daughters, Yente's rival as a matchmaker, and is known for her strict adherence to tradition and her disapproval of change.

Fruma Sarah is first introduced when she tries to arrange a marriage between Tevye's daughter Hodel and a man named Lazar Wolf. However, Hodel has fallen in love with a revolutionary named Perchik, which causes friction between Fruma Sarah and the family. Later in the story, Fruma Sarah is also involved in the matchmaking for Chava, Tevye's second daughter, but her traditionalist views lead to complications when Chava marries a non-Jewish man named Fyedka.

Overall, Fruma Sarah serves as a foil to the more progressive characters in ""Fiddler on the Roof,"" representing the old ways and the rigid social structures that are beginning to crumble in the face of changing times. Despite her strict adherence to tradition, she is ultimately unable to prevent the marriages of Tevye's daughters from going against the norms of their community.",1,FALSE: matchmaker/Tevye daughter - wrong character
28,Microsoft live movie maker is an example of free?,"Yes, Microsoft Live Movie Maker (now known as Windows Movie Maker and subsequently retired) was indeed a prime example of free software offered by Microsoft. Here's a more detailed explanation:

**What Was Microsoft Live/Windows Movie Maker?**

Microsoft Live Movie Maker initially launched in 2000 as part of the Microsoft Plus! for Windows XP digital media pack, which wasn’t free. However, it was later released as a standalone, **free download** with Windows Movie Maker in 2002. It was designed to be an accessible and user-friendly video editing program aimed at consumers rather than professional filmmakers. Users could import videos and photos, arrange them into sequences, add transitions, music, titles, effects, and basic edits like trimming and cropping.

**Why Was it Considered Free Software?**

The key factor is that Microsoft offered Windows Movie Maker (and its predecessor) for **free download and use**.  There was no cost associated with acquiring the software itself. While there might have been bundled offers or promotions related to other Microsoft products, the core video editing program was freely available. This aligns with the common understanding of ""free"" in the context of software – meaning free of charge, not necessarily open-source (though it wasn't open source).

**Important Note on its Current Status:**

Microsoft officially discontinued Windows Movie Maker in 2017 and removed it from the Microsoft Store. While some users may still have it installed if they downloaded it previously, it is no longer actively supported or available for new downloads.  However, its legacy as a free and accessible video editing tool remains significant.



In conclusion, Microsoft Live/Windows Movie Maker served as a clear example of free software provided by Microsoft to consumers.",4,"CORRECT: was free; accurate, well-explained"
29,Who plays charlie on it's always sunny?," Charlie on It's Always Sunny in Philadelphia is played by actor Charlie Day. He co-created the show alongside Rob McElhenney and Glenn Howerton, and his character, Charlie Kelly, is one of the four main characters in the series. Charlie Day's portrayal of the eccentric, often naive, and sometimes disturbing character has been a significant part of the show's success and popularity since its debut in 2005.",5,"CORRECT: Charlie Day, clean"
30,Microsoft live movie maker is an example of free?,"Microsoft Live Movie Maker is not an example of a free product.
To provide a comprehensive answer, let's first understand what Microsoft Live Movie Maker is and then analyze its pricing model.
Microsoft Live Movie Maker was a video editing software developed by Microsoft. It was released in 2006 as part of the Windows Vista operating system. The software allowed users to create movies from their digital photos and videos with basic editing features such as trimming, cropping, adding transitions, and applying effects.
However, it's important to note that while the software itself may have been included with certain versions of Windows, its primary function was not free. Microsoft typically offered a trial version of Live Movie Maker for download on its website. This trial version allowed users to try out the software's features without purchasing it outright.
The full version of Microsoft Live Movie Maker required a one-time purchase. The cost varied depending on the region and the specific version available. For example, in the United States, the full version typically cost around $29.95 at the time of its release.
It's worth noting that Microsoft has since discontinued Live Movie Maker as part of its product lifecycle management strategy. However, this does not change the fact that it was a paid software product during its active years.
In conclusion, while Microsoft Live Movie Maker may have been included with certain versions of Windows, the primary software itself was not free. Users had to purchase or download a trial version before being able to use all its features. This pricing model reflects the typical approach for consumer software products in the early 2000s, where developers aimed to recoup their development costs through sales rather than offering the product at no cost.
It's also worth mentioning that Microsoft has since released other video editing software options, such as Windows Movie Maker (which is now free) and more advanced tools like Filmora and HitFilm Express. These alternatives demonstrate how companies evolve their offerings over time, sometimes moving towards freemium models or even completely free software to compete in the market.
In summary, Microsoft Live Movie Maker was not an example of a free product, but rather a paid software solution that offered both trial and full versions for users to choose from.",1,FALSE: says NOT free / cost $29.95 - wrong
31,Number of branches of oriental bank of commerce in india?,"Determining the precise number of branches for the Oriental Bank of Commerce (OBC) presents a slight challenge because OBC merged with Punjab National Bank (PNB) on May 4, 2020. Therefore, as of today, OBC no longer exists as a separate banking entity. However, we can discuss its branch network *prior* to the merger and then consider how that network is currently integrated within PNB.

**Oriental Bank of Commerce's Branch Network Prior to Merger (as of March 31, 2020):**

Before merging with Punjab National Bank, Oriental Bank of Commerce had a significant presence across India.  As of March 31, 2020 (the last reporting date as an independent entity), OBC operated approximately **2,974 branches** throughout the country. This included:

*   **Branches:** Around 2,974 physical branch locations.
*   **Regional Rural Banks (RRBs):** OBC sponsored two RRBs – Punjab Gramin Bank and South Bihar Gramin Bank - which collectively had a substantial number of rural branches. While these were technically separate entities, they were closely associated with OBC's operations.  The combined network of these RRBs added significantly to the overall reach in rural areas.
*   **Extension Counters:** OBC also maintained extension counters (smaller service points) to further extend its reach, particularly in rural and underserved areas.

**Current Status - Integration within Punjab National Bank:**

Following the merger with PNB, all branches of OBC were integrated into the PNB network.  This significantly expanded PNB's overall branch footprint. While some minor rationalization (closure or consolidation of overlapping branches) may have occurred post-merger to improve efficiency, the vast majority of OBC’s former branches continue to operate under the Punjab National Bank banner.

**Therefore, while OBC itself no longer exists, its legacy lives on within PNB's extensive branch network.  PNB now boasts one of the largest branch networks in India, significantly boosted by the integration of OBC's 2,974 former branches.**



To get a precise current number of branches for Punjab National Bank (which includes the former OBC branches), you would need to consult PNB’s latest annual report or official website.",4,"CORRECT: notes PNB merger, ~2974 branches, careful"
32,When did the rams go to st louis?,"The Los Angeles Rams relocated to St. Louis in **1995**. This marked a significant shift for the franchise, which had previously been based in Los Angeles since 1946 (with a brief period in Cleveland from 1945-1946).

Here's a more detailed breakdown of the move:

*   **Growing Dissatisfaction:** Throughout the early 1990s, Rams owner Georgia Frontiere expressed increasing frustration with the Los Angeles Memorial Coliseum, citing issues related to revenue sharing and stadium improvements. Negotiations with city officials failed to produce a satisfactory agreement for a new or renovated stadium.
*   **St. Louis' Pursuit:** The St. Louis area actively pursued the Rams as part of an effort to bring professional football back to the region (the Cardinals had left in 1988). A deal was struck involving a publicly funded, modern stadium in downtown St. Louis.
*   **The Move:** After a protracted legal battle and considerable public debate in Los Angeles, the Rams officially announced their relocation to St. Louis on December 13, 1994, with the move taking effect for the 1995 NFL season. They played in St. Louis until 2015 when they returned to Los Angeles.



The move was a pivotal moment in both franchises' histories and had a lasting impact on their fan bases.",5,"CORRECT: 1995 to St. Louis, accurate detail"
33,Number of branches of oriental bank of commerce in india?," As per the information available on the official website of Oriental Bank of Commerce (OBC), the bank has a significant presence across India with over 1000 branches. However, it's important to note that OBC merged with Punjab National Bank (PNB) in April 2019, and as of now, the combined entity operates under the name Punjab National Bank. Therefore, if you are looking for the number of branches of Oriental Bank of Commerce post-merger, you would need to check the PNB website or contact their customer service for the most accurate information.

Before the merger, OBC had a strong network with its headquarters in New Delhi and regional offices in Mumbai, Kolkata, Chennai, and Chandigarh. The bank also had a substantial presence in metropolitan cities like Bangalore, Hyderabad, Pune, Ahmedabad, and Jaipur, among others.

In conclusion, while Oriental Bank of Commerce had approximately 1000 branches across India before the merger with Punjab National Bank, the current number of branches would be a combination of both banks post-merger. For the most accurate information, it's recommended to check the Punjab National Bank website or contact their customer service.",2,Right on merger but ~1000 branches low + wrong merger date (2019)
34,What season of greys anatomy was the plane crash?,"The plane crash in Grey's Anatomy occurred during Season 17 of the popular medical drama television series. This event took place on April 26, 2018, and was a significant storyline that aired as an episode titled ""Flight 45."" The crash involved Dr. Meredith Grey (played by Ellen Pompeo) and her husband Derek Shepherd (played by Patrick Dempsey), who were flying from Seattle to Chicago for their wedding.

The plane crash was a major plot point in the series, with many characters affected by the tragedy. It led to several deaths and injuries among the medical staff and patients on board, as well as significant emotional turmoil for Meredith and Derek's family and friends. The episode received widespread critical acclaim and helped to raise awareness about aviation safety.

The plane crash storyline was a crucial element of Season 17, which also included other major events such as the death of Dr. Jackson Avery (played by James Pickens Jr.) and the return of Dr. Alex Karev (played by Jesse Williams) from his self-imposed exile. The episode marked a significant turning point in the series, with many characters grappling with the aftermath of the tragedy and the challenges they faced in their personal and professional lives.

Overall, the plane crash in Grey's Anatomy was a memorable and impactful event that added depth to the show's storyline and helped to establish Season 17 as one of the most significant and emotionally charged seasons in the series' history.",1,FALSE: Season 17/Flight 45/Chicago wedding - fabricated
35,When was the first apple i phone made?,"The first Apple iPhone, often referred to as the ""iPhone 2G,"" was officially announced on **January 9, 2007**, by then-Apple CEO Steve Jobs. However, it wasn't immediately available for purchase. The device began shipping and being sold to consumers on **June 29, 2007**.

Therefore, while the announcement occurred in January, the actual release date marking its availability as a product was June 29, 2007. This initial iPhone revolutionized the mobile phone industry and set the stage for Apple's continued dominance in the smartphone market.",5,"CORRECT: Jan 9 / June 29 2007, clean"
36,Who killed the man in thelma and louise?,"I apologize, but I don't have any specific information about a movie called ""The Lmao and Louise"" or its plot. The context provided is empty, and I don't have enough details to answer the question accurately. 

If you're referring to the 1975 film ""All the President's Men"" starring Robert Redford and Dustin Hoffman, which was based on a true story about the Watergate scandal, then the main characters, Bob Woodward and Carl Bernstein, did not kill anyone in that movie.

Without more context or clarification, I can't provide a definitive answer to who killed the man in ""The Lmao and Louise. "" If you have additional information about this specific film or scene, please feel free to share it, and I'll do my best to assist you further based on accurate knowledge.",1,"FALSE: garbled (""Lmao and Louise"")/Watergate - nonsense"
37,When did the last season of jersey shore air?," The last season of Jersey Shore, which is also known as Jersey Shore: Family Vacation, aired on MTV in 2018. The specific date for the premiere of the sixth season was June 6, 2018. However, it's important to note that the original series, Jersey Shore, ended in 2012, and Jersey Shore: Family Vacation is a revival or spin-off of the original show.",2,Original ended 2012 mentioned but muddled with 2018 revival
38,How many grammy awards does whitney houston have?,"Whitney Houston had an impressive career that earned her numerous accolades throughout her life and posthumously. As of my last update in October 2023, Whitney Houston has been awarded a total of 14 Grammy Awards.

Here's a breakdown of her Grammy wins:

1. Best Female R&B Vocal Performance (1987)
2. Best New Artist (1987)
3. Best R&B Song (1988)
4. Best R&B Album (1988)
5. Best Female Pop Vocal Performance (1989)
6. Best R&B Performance by a Duo or Group with Vocals (1989)
7. Best R&B Song (1990)
8. Best R&B Performance by a Duo or Group with Vocals (1990)
9. Best Female Pop Vocal Performance (1992)
10. Best R&B Album (1993)
11. Best R&B Performance by a Duo or Group with Vocals (1994)
12. Best R&B Song (1995)
13. Best R&B Performance by a Duo or Group with Vocals (1996)
14. Best Female Pop Vocal Performance (1997)

These awards spanned her entire career, from her breakthrough in the late 1980s to her untimely death in February 1997. Houston's Grammy wins were a testament to her vocal prowess, songwriting abilities, and impact on the R&B genre.

It's worth noting that Whitney Houston was posthumously awarded another Grammy in 2003 for Best Female Pop Vocal Performance for ""I Will Always Love You"" (featuring Dolly Parton), which won the award at the 45th Annual Grammy Awards. This posthumous win brought her total to 15 Grammy Awards.

Whitney Houston's legacy is not just in her music and performances but also in her impact on the entertainment industry, her philanthropy, and her influence on countless fans around the world. Her Grammy wins are a significant part of that legacy, recognizing her contributions to R&B and pop music.",1,FALSE: 14-15 Grammys; actual is 6
39,When did the rams go to st louis?," The St. Louis Rams, now known as the Los Angeles Rams, moved to St. Louis in 1995. Prior to that, they were based in Anaheim, California, where they played as the Los Angeles Rams from their establishment in 1936 until their move to St. Louis. The team returned to Los Angeles in 2016.",3,"CORRECT 1995 + return 2016; but ""Anaheim/1936"" detail off"
40,What kind of car in to catch a thief?," The question seems to be a play on words, as it's asking about a type of car that could potentially help in catching a thief, rather than a car that one would turn into for the purpose of theft. In this context, the car that might aid in catching a thief is not a specific model but rather a police car or any vehicle equipped with features such as high-speed capabilities, surveillance equipment, and emergency lights. These vehicles are used by law enforcement agencies to pursue suspects, including thieves, and apprehend them when necessary. However, it's important to note that the use of force and pursuit should always be carried out responsibly and in accordance with local laws and regulations.",1,"MISSES film entirely - invents ""police car"" reasoning"
41,When did toronto host the mlb all-star game?,"Toronto has hosted the MLB All-Star Game twice in its history. The first time was on July 10, 2003, at SkyDome (now known as Rogers Centre). This game marked the return of the All-Star Game to Toronto after a 45-year absence. It was a significant event for baseball fans in Canada and helped boost tourism in the city.

The second time Toronto hosted the All-Star Game was on July 10, 2017, at Rogers Centre. This game was part of the MLB Centennial celebrations and featured many memorable moments, including a home run by Giancarlo Stanton that went out of the stadium's roof.

Both games were highly anticipated events, attracting thousands of baseball fans from across Canada and the United States. The 2017 game was particularly notable for its unique format, which included a special All-Star Futures Game featuring players from minor league teams.

Toronto's hosting of these All-Star Games has helped to strengthen the city's reputation as a sports destination and has contributed to its growing status as a cultural hub in North America.",1,FALSE: 2003 and 2017 - both wrong; only 1991
42,Who is fruma sarah in fiddler on the roof?,"Fruma Sarah is a significant character in ""Fiddler on the Roof,"" though she appears only as a ghost or memory within the musical and story. She was Tevye's intended bride when he was a young man, before he ultimately chose Golde. Her presence serves a crucial purpose in illustrating Tevye’s life choices and highlighting themes of tradition, fate, and acceptance.

Here's a more detailed breakdown of who Fruma Sarah is and her role:

*   **A Lost Love:** The story reveals that when Tevye was seventeen, he had been promised to Fruma Sarah by his parents. However, Tevye, feeling pressured and wanting some agency in his own life, questioned the arrangement. He famously asked her a series of questions about her reputation and character, ultimately finding fault with her answers and rejecting the match.
*   **A Spectral Reminder:** Years later, Fruma Sarah appears to Tevye as a ghost, riding in a horse-drawn carriage. She is accompanied by a spectral driver and horses, creating an eerie and symbolic scene. This ghostly appearance occurs after Tevye has been lamenting his life choices and questioning the traditions that have shaped them.
*   **Symbolic Significance:** Fruma Sarah's reappearance isn’t meant to be taken literally as a haunting. Instead, she represents the path not taken – the life Tevye *could* have had if he had simply accepted his parents' wishes. Her presence serves as a reminder of the power of tradition and the potential consequences of defying it. It also underscores the idea that even seemingly small decisions can profoundly shape one’s destiny.
*   **Humor and Tragedy:** The scene with Fruma Sarah is both humorous and tragic. Tevye's interaction with her, filled with his characteristic wit and questioning, provides comic relief. However, the underlying sadness of a life unlived and the weight of tradition are also palpable.



In essence, Fruma Sarah isn’t just a character; she’s a symbol representing the complexities of tradition, fate, and the choices that define a person's life in ""Fiddler on the Roof.""",4,CORRECT: ghost/Lazar Wolf late wife theme; strong answer
43,How many state parks are there in virginia?,"As of my last update in October 2023, Virginia has a total of 145 state parks. These parks cover approximately 678, 000 acres and provide a wide range of recreational opportunities for visitors.

Virginia's state park system includes diverse landscapes, from the coastal areas along the Chesapeake Bay to the mountains in the western part of the state. Each park offers unique features such as hiking trails, camping facilities, picnic areas, fishing spots, and historical sites.

Some notable Virginia state parks include:
1. Shenandoah National Park - Located in the Blue Ridge Mountains, it's one of the most popular state parks in the eastern United States.
2. Great Dismal Swamp National Wildlife Refuge - This park is known for its unique ecosystem and wildlife, including alligators and bald eagles.
3. Monticello State Park - Situated near Thomas Jefferson's home, this park offers scenic drives and hiking trails.
4. Virginia Beach State Park - Located on the Atlantic coast, it features beaches, boardwalks, and various recreational activities.

The state park system in Virginia plays a crucial role in preserving natural resources, providing outdoor recreation opportunities, and supporting local economies through tourism. It also serves as an educational resource for visitors to learn about the state's history, geology, and ecology.

It's worth noting that the number of state parks can change over time due to acquisitions, closures, or reclassifications. For the most current and accurate information, it's advisable to check the official website of the Virginia Department of Conservation and Recreation (DCR) or contact them directly.",1,FALSE: 145 parks (wrong) + Shenandoah national not state
44,Who plays charlie on it's always sunny?,"Charlie Kelly, one of the core characters in the beloved and darkly comedic television series *It’s Always Sunny in Philadelphia*, is portrayed by actor **Charlie Day**.

Day has been a constant presence on the show since its inception in 2005. His portrayal of Charlie – a perpetually disheveled, often delusional, and frequently chaotic character – is arguably one of the most iconic aspects of *It's Always Sunny*. He’s known for his distinctive high-pitched voice, physical comedy, and ability to deliver bizarre and unsettling lines with complete sincerity.

Beyond *It's Always Sunny*, Charlie Day has also had a successful acting career, appearing in films like *Horrible Bosses* and providing voice work for animated projects. However, he remains most recognized for his unforgettable performance as Charlie Kelly.",5,"CORRECT: Charlie Day, clean"
45,When did the voortrekkers arrive in south africa?,"The Voortrekker migration into what is now South Africa began in the early 1830s. While there wasn't a single, definitive date marking their arrival, the movement generally started around **1830-1840**. Here’s a more detailed breakdown of the timeline and factors involved:

**Background & Motivations:**

Before discussing dates, it's important to understand *why* the Voortrekkers left. They were primarily Dutch settlers (Boers) who had lived in the Cape Colony since the 17th century.  Over time, they grew increasingly dissatisfied with British rule following the Napoleonic Wars and subsequent treaties that abolished slavery (a key part of their economy), imposed English language usage in government and courts, and generally restricted their traditional way of life. They felt their culture and religious practices were being suppressed.

**The Initial Exodus & Early Years (1830-1836):**

*   **Early Pioneers:** Small groups began leaving the Cape Colony as early as 1830. These initial departures were often driven by individual families seeking better land or escaping legal troubles.
*   **Major Departure (1836):** The year 1836 is considered a pivotal point, marking a more organized and substantial exodus.  The ""Great Trek"" officially began with the departure of Piet Retief and a large group from the Cape Colony. This was spurred by events like the Sixth Frontier War and growing tensions with British authorities.
*   **Movement Northward:** The Voortrekkers moved northeast, initially into the Orange Free State and then further into what is now KwaZulu-Natal (then inhabited by Zulu people).

**Continued Migration & Settlement (1837-1840s):**

*   The migration continued throughout the 1830s and into the 1840s, with different groups arriving at varying times.  Some Voortrekkers settled in areas like the Transvaal (present-day Gauteng and Limpopo provinces), while others remained in the Orange Free State and Natal.
*   **Conflicts & Establishment of Republics:** The arrival of the Voortrekkers led to conflicts with indigenous populations, most notably the Zulu Kingdom under Shaka and later Dingane.  Despite these challenges, they established independent republics – the Transvaal (South African Republic) and the Orange Free State – which existed until the formation of the Union of South Africa in 1910.



In conclusion, while pinpointing a single arrival date is impossible due to the gradual nature of the migration, the period between **1830 and 1840** represents the core timeframe for the Voortrekker arrival and settlement in South Africa.",4,"CORRECT: Great Trek ~1830-1840, well-explained"
46,Who is the chief minister of m. p?,"The current Chief Minister of Madhya Pradesh (M.P.) is Mohan Yadav. He assumed office on December 13, 2023, succeeding Shivraj Singh Chouhan who held the position for a significant period. Yadav represents the Ujjain South constituency and is a prominent leader within the Bharatiya Janata Party (BJP).



Mohan Yadav's appointment marks a shift in leadership for Madhya Pradesh, and he is expected to focus on continuing the state’s development agenda while potentially introducing new initiatives based on his vision and priorities.",4,CORRECT: Mohan Yadav CM (as of Dec 2023) - VERIFY still current
47,Who is the chief minister of m. p?,"I apologize for any inconvenience caused, but I must clarify that there appears to be an error in your question. The term ""m. p"" is ambiguous and could refer to different entities depending on the context. 

1. If ""m. p"" stands for ""Member of Parliament"" (MP), then the chief minister of a state in India would typically be referred to as the Chief Minister, not an MP.

2. If ""m. p"" refers to ""Maharashtra Pradesh,"" which is a state in India, then the current Chief Minister of Maharashtra Pradesh is Uddhav Thackeray.

3. If ""m. p"" is meant to refer to another specific entity or context that I'm not aware of from the provided information, please provide more details so I can give you an accurate answer.

Given these possibilities, if you're asking about the Chief Minister of a state in India and ""m. p"" stands for Member of Parliament, then the question is incomplete as it doesn't specify which state's chief minister you're referring to. If ""m. p"" refers to Maharashtra Pradesh specifically, then the answer would be Uddhav Thackeray.

If you have additional context or if there's a different meaning behind ""m. p,"" please provide more details so I can assist you further.",1,"FALSE: ""Maharashtra Pradesh""/Uddhav Thackeray - wrong"
48,Number of branches of oriental bank of commerce in india?,"I apologize for any inconvenience caused, but I must clarify that there appears to be a misunderstanding or error in the question as presented. The context provided is empty, and no specific information about the Oriental Bank of Commerce (OBC) or its branches in India is given.
To provide an accurate answer, I would need additional details such as:
1. Is this referring to the Oriental Bank of Commerce Limited, which is a public sector bank in India?
2. Are we looking for the current number of branches or a historical count?
3. Do we want information about branch locations across different states or cities in India?
4. Is there any specific time frame mentioned (e. g., as of a certain year)?
Without this crucial context, I cannot provide a precise answer to the question ""Number of branches of oriental bank of commerce in India? ""
If you could please provide more details or rephrase your question with additional information, I would be happy to assist you with an accurate and comprehensive response.",2,"No answer given, but honest about missing context"
49,When was crude oil first discovered in nigeria?," The discovery of crude oil in Nigeria can be traced back to 1956. The first significant oil find was made by Shell-BP (later known as the Shell Petroleum Development Company) at Oloibiri, a small town in Bayelsa State, in what was then the Eastern Region of Nigeria. This discovery marked the beginning of Nigeria's oil industry and significantly transformed its economy. However, it's important to note that small-scale oil seepages had been reported earlier, but the commercial exploitation began with this discovery in 1956.",5,CORRECT: 1956 Oloibiri Shell-BP - accurate and clean
50,How many grammy awards does whitney houston have?,"Whitney Houston was an exceptionally decorated artist throughout her career, and that recognition included a significant number of Grammy Awards. She won **six** Grammy Awards during her lifetime.

Here's a breakdown of those wins:

*   **1984 - Best Female R&B Vocal Performance:** For ""How Will I Know""
*   **1986 - Best Female Pop Vocal Performance:** For ""Saving All My Love for You""
*   **1987 - Record of the Year:** For ""Greatest Love of All""
*   **1988 - Best Female R&B Vocal Performance:** For ""Didn't We Almost Have It All""
*   **1991 - Best Pop Duo/Group Performance with George Michael:** For ""I Will Always Love You"" (This is arguably her most iconic Grammy win)
*   **2003 - Best Traditional R&B Vocal Performance:** For ""Share My World""



While she received numerous other nominations throughout her career, these six represent the moments where Whitney Houston was officially recognized by The Recording Academy as a standout performer.",5,CORRECT: 6 Grammys
51,When did the voortrekkers arrive in south africa?," The Voortrekkers, Dutch-speaking settlers from the Cape Colony, began their great trek northwards out of the Cape Colony towards the interior of Southern Africa between 1836 and 1840. This mass migration was driven by a variety of factors, including political unrest, economic pressures, and the desire for more land and self-governance. The Voortrekkers eventually established several independent Boer republics in what is now South Africa, Zimbabwe, and Botswana. However, it's important to note that smaller groups of Voortrekkers had been moving north since the late 1820s, but the main wave occurred between 1836 and 1840.",4,"CORRECT: Great Trek 1836-1840, clean"
52,When did the rams go to st louis?,"The Los Angeles Rams have played in St. Louis at various times throughout their history. The team's journey to St. Louis began with its founding in 1946 as the Cleveland Browns, which was later renamed to the Los Angeles Rams in 1952.

The Rams played their first season in St. Louis in 1984 after moving from Cleveland. They remained in St. Louis for two seasons before returning to Los Angeles in 1986. The team spent a total of four seasons in St. Louis, during which they had some notable moments and achievements.

During their time in St. Louis, the Rams won three division titles (1984, 1985, and 1987) and made two Super Bowl appearances (XIX in 1984 and XXI in 1987). They also had a star player in quarterback Joe Montana during their time in St. Louis.

The Rams' move back to Los Angeles was largely due to financial considerations and the desire for more exposure in the West Coast market. The team's return to Los Angeles marked the end of an era for the franchise in St. Louis, but it also set the stage for a new chapter in the history of one of the NFL's most storied franchises.

Since returning to Los Angeles, the Rams have continued to be a competitive team and have won multiple division titles and Super Bowl championships. Their time in St. Louis remains an important part of their rich history and is remembered by fans who supported them during that period.",1,"FALSE: ""1984 from Cleveland/Joe Montana"" - fabricated"
53,Who is the original artist of sound of silence?,"The original artist of ""The Sound of Silence"" is Simon & Garfunkel.
Simon & Garfunkel, consisting of Paul Simon and Art Garfunkel, are a renowned American folk rock duo. They first recorded ""The Sound of Silence"" in 1964 for their album ""Wednesday Morning (3:33 AM). "" The song became an instant classic upon its release and has since been covered by numerous artists across various genres.
""The Sound of Silence"" is known for its haunting melody, poetic lyrics, and the iconic line ""It's hard to see a person in this dark."" The song was written by Simon and Garfunkel with Bob Dylan, who also provided backing vocals. It reached number one on the Billboard Hot 100 chart in 1964 and has been covered by artists such as The Kingston Trio, The Byrds, and The Beatles.
The song's lyrics explore themes of loneliness, isolation, and the absence of communication in a world that seems to have lost its connection with humanity. Its enduring popularity is a testament to its timeless message and memorable melody.",2,"CORRECT artist S&G but false ""written with Dylan""/fake lyric"
54,How many grammy awards does whitney houston have?," Whitney Houston, the legendary American singer, won a total of six Grammy Awards throughout her career. She was first recognized by the National Academy of Recording Arts and Sciences in 1986 when she received her first two Grammys for Best Female Pop Vocal Performance and Best R&B Song for ""Saving All My Love For You."" In 1988, she won another three Grammys for Album of the Year, Best Female Pop Vocal Performance, and Best R&B Vocal Performance for her album ""Whitney"" and single ""I Will Always Love You."" Her final Grammy win came in 2000 when she received a posthumous award for Best Gospel Performance for ""He Leadeth Me."" Despite her untimely death in 2012, Houston's influence and musical legacy continue to be celebrated.",4,CORRECT: 6 Grammys; some detail fuzzy but right count
55,Who is the chief minister of m. p?," As of my last update, the Chief Minister of Madhya Pradesh (MP) is Shivraj Singh Chouhan. He has been serving as the Chief Minister since 2005, with a brief interruption from 2019 to 2020 when Kamal Nath served as the Chief Minister. However, it's essential to verify the current status as political positions can change over time. Shivraj Singh Chouhan is a senior leader of the Bharatiya Janata Party (BJP) and has been instrumental in shaping the political landscape of Madhya Pradesh for several years.",2,Shivraj Chouhan was correct earlier but stale by scoring date
56,Who performed at the champions league final 2018?,"The Champions League Final of 2018 was a highly anticipated and closely contested match that took place on May 26, 2018, at the Luzhniki Stadium in Moscow, Russia. The teams competing in this historic final were Real Madrid from Spain and Liverpool from England.

Real Madrid, led by their legendary coach Zinedine Zidane, had been dominant throughout the season, winning all of their group stage matches and defeating Paris Saint-Germain in both legs of the semi-finals. They entered the final as the defending champions, seeking to complete a treble with the UEFA Champions League, La Liga title, and Copa del Rey.

On the other hand, Liverpool, managed by Jürgen Klopp, had also been performing exceptionally well during the season. The team had won all of their group stage matches and defeated Manchester City in both legs of the semi-finals. They were looking to win their first Champions League title since 2014 and complete a quadruple with the Premier League, FA Cup, and League Cup.

The match began with both teams showing high levels of intensity and determination from the start. Real Madrid took an early lead through Karim Benzema's header in the 3rd minute, but Liverpool responded quickly with goals from Mohamed Salah (4th minute) and Sadio Mané (10th minute). The score remained 2-1 in favor of Liverpool at halftime.

In the second half, Real Madrid made a valiant effort to turn the game around. They scored two goals through Luka Modrić (57th minute) and Vinicius Jr. (64th minute), bringing the match back to a 3-2 draw. However, it was too little too late as Liverpool held on to win the final with their second consecutive Champions League title.

The victory for Liverpool marked the end of Real Madrid's treble hopes and their first Champions League defeat since 1998. It also made them only the third team in history to win the Champions League twice without losing a single match during the season (alongside AC Milan in 2003 and 2007, and Barcelona in 2009 and 2015).

The final was notable for several reasons. It was the first time since 1984 that two English teams had competed in the Champions League final. It also marked the end of a golden era for Real Madrid, as they had won the competition five times in six years (2013-2018), but were unable to complete their treble.

In conclusion, the Champions League Final 2018 was a thrilling encounter between two of the world's most successful clubs. Liverpool emerged victorious with their second consecutive title, while Real Madrid ended their treble hopes and suffered their first Champions League defeat in over three decades. The match showcased the high level of football played at the highest level and cemented Liverpool's place as one of the greatest teams in European football history.",1,FALSE: invents 3-2 scoreline/Benzema header - fabricated match
57,Who has the highest goals in world football?," Determining who has the highest goals in world football requires a look at the all-time top goal scorers in professional football. As of now, the record for the most goals scored in official matches is held by Josef Bican, an Austrian footballer who played from the 1930s to the 1950s. He is said to have scored over 805 career goals, although this number is disputed due to a lack of accurate records during his time.

However, if we consider only goals scored in the top-tier European leagues (Premier League, La Liga, Serie A, Bundesliga, and Ligue 1), then the record is held by Cristiano Ronaldo with over 700 career goals as of February 2023. Lionel Messi, another renowned footballer, is close behind with over 650 career goals in these leagues.

It's important to note that these numbers do not include goals scored in international competitions or friendlies, which would further increase the goal counts for both Ronaldo and Messi.

In conclusion, while Josef Bican holds the unofficial record for most career goals, Cristiano Ronaldo currently has the highest goal tally in top-tier European leagues. Lionel Messi is a close second. Both players have had remarkable careers and continue to make significant contributions to world football.",4,CORRECT: Bican historical / Ronaldo top-tier - sound
58,What kind of car in to catch a thief?,"To catch a thief effectively, it's important to consider several factors when choosing a vehicle. A high-performance sports car might seem like an obvious choice due to its speed and agility, but there are other considerations that could make a more practical or safer option.

Firstly, the type of terrain you'll be driving on is crucial. If you're likely to encounter rough roads, off-road capabilities would be beneficial. This means looking for a vehicle with all-wheel drive (AWD) or four-wheel drive (4WD), which can handle various road conditions and provide better traction.

Secondly, consider the visibility of your vehicle. A larger, more distinctive car might make it easier to spot potential thieves. However, this also depends on the environment you'll be operating in. In urban areas with many vehicles, a smaller, less conspicuous car might be preferable to avoid drawing unnecessary attention.

Thirdly, think about the safety features of the vehicle. Features like advanced driver assistance systems (ADAS), such as lane departure warning, blind-spot monitoring, and automatic emergency braking, can help reduce the risk of accidents while pursuing a thief.

Fourthly, consider the fuel efficiency of the vehicle. If you're planning to drive for extended periods or in areas with limited refueling options, a fuel-efficient car could be more practical.

Lastly, think about the cost and maintenance requirements of the vehicle. A high-performance sports car might have higher insurance rates and require more frequent maintenance than a family sedan.

In conclusion, there is no one-size-fits-all answer to this question. The best car for catching a thief will depend on your specific circumstances, including the terrain you'll be driving on, the visibility of the vehicle, safety features, fuel efficiency, and cost considerations. It's important to weigh these factors carefully before making a decision.",1,"MISSES film - generic ""how to choose a car"" filler"
59,What season of greys anatomy was the plane crash?,"The devastating plane crash occurred in **Season 8** of Grey's Anatomy. This event marked a significant turning point in the series and is widely considered one of its most memorable storylines. The episode featuring the crash, ""All I Can Say,"" aired on November 7, 2010.

Here’s why Season 8 is definitively the correct answer:

*   **Narrative Significance:** The plane crash served as a dramatic reset for many characters, impacting their relationships and career trajectories in profound ways. It led to significant character departures and reshaped the dynamics within Seattle Grace Hospital (later Grey Sloan Memorial).
*   **Timeline Consistency:** Events leading up to the crash were woven into the storylines of Season 8, and the aftermath was a major focus throughout that season.



The plane crash remains a pivotal moment for both the characters in the show and the audience who have followed their journeys.",4,CORRECT: Season 8 - the only model to get it right
60,When did the voortrekkers arrive in south africa?,"The Voortrekkers arrived in South Africa in 1835 as part of a significant migration known as the Great Trek. This event marked a pivotal moment in South African history, fundamentally altering the demographic and political landscape of the region.
The Great Trek began when a group of Boer farmers, led by Piet Retief and Andries Pretorius, decided to leave the British-controlled Cape Colony due to dissatisfaction with British policies and increasing encroachment on their land. They set out from the Cape Town area in 1835, traveling northward across the Drakensberg Mountains.
The Voortrekkers, which means ""pioneers"" or ""frontiersmen"" in Afrikaans, consisted of about 12, 000 people, including farmers, artisans, and their families. They established several new settlements along the way, collectively known as the Boer Republics.
The most significant of these settlements was Natalia (now Durban), which they founded in 1839. Other notable locations included Potchefstroom, Lydenburg, and Pietermaritzburg.
The arrival of the Voortrekkers had far-reaching consequences:
1. It led to the establishment of several independent Boer states, challenging British authority in South Africa.
2. It contributed to the development of a distinct Boer culture and identity.
3. It set the stage for future conflicts between the Boers and the Xhosa people, as well as with the British.
4. It influenced the political landscape of South Africa, eventually leading to the formation of the Union of South Africa in 1910.
The Great Trek marked a significant shift in the demographic makeup of South Africa, with the arrival of a new group of settlers who would go on to play a crucial role in shaping the country's history and culture.",3,Great Trek ~1835 roughly right; but Natal/Durban details off
61,When was the first apple i phone made?,"The first Apple iPhone was introduced on June 29, 2007. This groundbreaking device marked a significant milestone in mobile technology and has since become one of the most iconic smartphones in history.
Apple's co-founders Steve Jobs, Steve Wozniak, and Ronald Wayne had been working on the concept of a smartphone for several years before its official launch. The development process was fraught with challenges, including technical difficulties and financial constraints. However, Apple persevered, eventually securing funding from investors and assembling a team to bring their vision to life.
The first iPhone featured a 3.5-inch touchscreen display, an A1 chip, and ran on the iPhone OS (later renamed iOS). It offered basic features such as phone calls, text messaging, internet browsing, and email. The device was priced at $499 for the 8GB model and $599 for the 16GB version.
The launch of the iPhone was met with great enthusiasm from consumers and critics alike. It revolutionized the smartphone market by combining a mobile phone, music player, and internet device into one compact device. The iPhone's sleek design, intuitive user interface, and advanced features set it apart from its competitors and helped establish Apple as a leader in consumer electronics.
Since its introduction, the iPhone has undergone numerous updates and generations, with each new release introducing new features, improved performance, and enhanced user experience. Today, the iPhone is not just a smartphone but also a hub for entertainment, productivity, and communication, making it an indispensable part of many people's lives worldwide.",4,CORRECT: June 29 2007; minor Wozniak/Wayne framing slip
62,Who sings the song for stuck in the middle?,"The song ""Stuck in the Middle with You"" was performed and recorded by the American rock band Journey. The lead vocals were sung by Steve Perry, who is best known as the frontman of Journey. Perry's distinctive voice and powerful delivery made him a standout performer on this track.

Steve Perry wrote the lyrics for ""Stuck in the Middle with You"" along with his bandmates Neal Schon (guitar) and Jonathan Cain (bass). The song was released as the lead single from Journey's eighth studio album, ""Escape,"" which was released in 1982. It became one of the band's most popular and enduring hits, reaching number two on the U. S. Billboard Hot 100 chart.

The song's catchy melody and Perry's energetic vocals made it a staple of classic rock radio and helped solidify Journey's status as one of the most successful and influential bands of the 1980s. ""Stuck in the Middle with You"" has since become an iconic track, often referenced in popular culture and used in various media productions.

Steve Perry's performance on this song is particularly notable for its memorable guitar riff and Perry's ability to convey a sense of urgency and passion through his vocals. The song's lyrics, which describe a relationship that feels stuck in a rut, have also contributed to its enduring popularity and relevance over the years.",1,FALSE: Journey/Steve Perry/Escape - completely wrong
63,Who is the original artist of sound of silence?," The original artist of ""The Sound of Silence"" is Simon & Garfunkel. This song was released in 1964 as a single from their debut album, Wednesday Morning, 3 A.M. However, it didn't gain significant popularity until a re-recorded version with electric instrumentation was released in 1965, which became one of the duo's most famous songs. The original version featured acoustic guitars and vocals only.",4,CORRECT: Simon & Garfunkel 1964/1965 electric - accurate
64,When was the first fast and furious film made?,"The first *Fast & Furious* film, originally titled *The Fast and the Furious*, was released in **2001**. It marked the beginning of a long-running franchise that has become one of the most successful in cinematic history. The movie's production began even earlier, with filming taking place primarily between late 2000 and early 2001.



The film was inspired by an article written by journalist Ken Li for *Rolling Stone* magazine titled ""Racer X,"" which explored the world of illegal street racing in Southern California. Producer Neal H. Moritz brought the concept to Universal Pictures, and Rob Cohen directed the initial installment.",5,"CORRECT: 2001 The Fast and the Furious, clean"
65,How many states in india are under congress?," As of my last update, there is no specific state in India that is entirely governed by the Indian National Congress (INC), the oldest existing political party in India. The INC is one of the major national parties in India and has a presence in many states, but it does not have a monopoly over any state government.

The Indian political landscape is complex and dynamic, with multiple parties and alliances playing significant roles. The INC, along with its allies, forms the United Progressive Alliance (UPA) at the national level. The party's strength varies from state to state, with some states having a strong Congress presence while others have a dominant position of regional parties.

For example, in the 2019 Lok Sabha elections, the INC won the most seats in states like Punjab, Puducherry, and Mizoram, but it did not win any state outright. In contrast, some states like West Bengal, Tamil Nadu, and Odisha are dominated by regional parties like the Trinamool Congress, Dravida Munnetra Kazhagam (DMK), and Biju Janata Dal (BJD) respectively.

Therefore, as of now, no state in India is under the exclusive control of the Indian National Congress.",3,Reasonable: no state solely INC; a bit dated but not fabricated
66,Who played the weasley brothers in harry potter?," The Weasley brothers in the Harry Potter film series were portrayed by three different actors. The eldest brother, Arthur Weasley, was played by Mark Williams. The middle child, Fred Weasley, was portrayed by James Phelps, and his twin George Weasley was also played by James Phelps. It's interesting to note that James and Oliver Phelps, who played the Weasley twins, are actually real-life twins as well. The characters of the Weasley brothers were created by J.K. Rowling for her Harry Potter book series.",1,FALSE: says one actor played both twins/Mark Williams as Arthur
67,Who performed at the champions league final 2018?,"The Champions League Final in 2018 featured a performance by pop superstar **Beyoncé**. She was the headline act for the pre-match entertainment, delivering a spectacular show alongside fellow artists Kelly Rowland and Michelle Williams as part of her ""Formation World Tour."" The performance included songs like ""Crazy in Love,"" ""Hold Up,"" and ""Freedom"" and was widely praised for its energy and visual spectacle.



While Liverpool and Real Madrid were the teams competing *in* the final itself, Beyoncé's concert was a significant and memorable element of the overall event.",1,FALSE: invents Beyonce/Destiny Child performance
68,When was the first fast and furious film made?," The first film in the Fast & Furious franchise, titled ""The Fast and the Furious,"" was released on June 22, 2001. Directed by Rob Cohen, this action movie marked the beginning of a successful series that has since spawned numerous sequels and spin-offs. The original film introduced popular characters such as Brian O'Conner (played by Paul Walker) and Dominic Toretto (Vin Diesel), who have become synonymous with the franchise. The Fast and the Furious was a commercial success, earning over $207 million worldwide against its production budget of $38 million.",5,"CORRECT: 2001, Rob Cohen, accurate figures"
69,How many states in india are under congress?,"Determining precisely how many Indian states are ""under Congress"" (referring to the Indian National Congress party) requires a nuanced understanding of what that phrase implies and relies on current political realities. It's not as simple as saying a state is ""controlled"" by a single party, but rather assessing which parties hold power in each state government. As of late 2023/early 2024, here’s a breakdown:

**Understanding the Terminology & Current Political Landscape:**

*   **State Governments:** India has 28 states and 8 Union Territories. Each state has an elected Legislative Assembly (Vidhan Sabha) that chooses a government led by a Chief Minister. The party or coalition of parties with a majority in the Vidhan Sabha forms the government.
*   **Indian National Congress (INC):**  Often shortened to ""Congress,"" this is one of India's oldest and historically dominant political parties. While it has seen its influence wane over recent decades, it remains a significant player in Indian politics.
*   **""Under Congress"":** This phrase typically means that the INC holds power as the leading party in the state government. It can also refer to situations where the INC is part of a coalition government and plays a key role in decision-making.

**States Currently with Congress Governments (as of early 2024):**

As of January 2024, the Indian National Congress holds power as the leading party in the following states:

*   **Rajasthan:** The INC won a significant victory in the 2023 state elections.
*   **Chhattisgarh:**  The INC also secured a win in the 2023 state elections.
*   **Himachal Pradesh:** The INC holds power here, although with a relatively slim majority.
*   **Karnataka:** Congress returned to power in Karnataka in the 2023 elections.

**Important Considerations & Caveats:**

*   **Coalition Governments:**  In some states, the INC might be part of a coalition government. While they may not have an outright majority on their own, they still exert influence and participate in governance.
*   **Political Fluidity:** Indian politics are dynamic. Government formations can change due to elections, defections, or other political developments. The information provided here is accurate as of the current date but could be subject to change.
*   **Union Territories:**  The INC does not currently hold power in any of India's Union Territories.



To get the absolute most up-to-date information, it’s best to consult reliable sources like:

*   Election Commission of India website ([https://eci.gov.in/](https://eci.gov.in/))
*   Reputable Indian news organizations (e.g., The Hindu, The Indian Express, NDTV)",3,"Reasonable: ~3-4 Congress states, acknowledges fluidity"
70,Who killed the man in thelma and louise?," In the 1993 film ""Thelma & Louise,"" the characters Thelma (played by Susan Sarandon) and Louise (played by Geena Davis) do not kill a man directly. However, their actions lead to the death of a character named Harlan (played by Harvey Keitel).

In the climactic scene, after evading law enforcement for much of the film, Thelma and Louise find themselves cornered on a cliff edge. Faced with certain arrest and possible harm, they decide to drive off the cliff rather than surrender. Harlan, who had been pursuing them, is in their car at the time and does not survive the fall.

It's important to note that Thelma and Louise are not portrayed as villains in the film, but rather as women fighting against societal expectations and oppression. Their actions are a result of their desperation and frustration, rather than malice towards Harlan or any other character.",2,Right that Louise/Harlan but wrong mechanism (cliff not shooting)
71,How many states in india are under congress?,"As of my last update in October 2023, there are 16 states in India that are currently ruled by the Indian National Congress (INC). The INC is one of the oldest political parties in India and has a significant historical presence in the country's political landscape.

Here is a list of the 16 states under the Congress government as of my last update:

1. **Andhra Pradesh** - Led by Yogi Aditya
2. **Arunachal Pradesh** - Led by Pawan Kumar
3. **Assam** - Led by Kamal Lochan
4. **Bihar** - Led by Nitish Kumar
5. **Chhattisgarh** - Led by Uma Bharti
6. **Goa** - Led by Pratibha Patil (though she is not from Congress, her party has a strong presence in the state)
7. **Gujarat** - Led by Gandhinagar (the capital city is ruled by a Congress-led coalition)
8. **Haryana** - Led by Manohar Lal
9. **Jharkhand** - Led by Uma Bharti (same as Chhattisgarh, part of the same government)
10. **Karnataka** - Led by Jagadish Pratap Singh
11. **Kerala** - Led by Pinarayi Vijayan
12. **Madhya Pradesh** - Led by Shivraj Singh Chouhan (part of a Congress-led coalition)
13. **Maharashtra** - Led by Ashok Gehlot (part of a Congress-led coalition)
14. **Manipur** - Led by Natiya Mani
15. **Meghalaya** - Led by Pratibha Patil (same as Goa, part of the same government)
16. **Tamil Nadu** - Led by Kamal Jaya

It's worth noting that the political landscape in India is subject to change due to various factors such as elections, internal party dynamics, and shifting public opinion. Therefore, it's always a good idea to check the most current information from reliable sources for the most accurate data.

The Congress party has had a long history of governance in these states, often forming coalitions with other parties to maintain power. This political alignment reflects the complex nature of Indian politics, where regional and national interests intersect, leading to diverse political configurations across different states.",1,"FALSE: ""16 states""/Yogi Aditya in Andhra etc - fabricated list"
72,Who plays charlie on it's always sunny?,"I apologize for any confusion, but I don't have access to a specific context or information about ""It's Always Sunny"" that would allow me to definitively answer who plays Charlie in the show. 

""It's Always Sunny in Philadelphia"" is an American sitcom that originally aired from 2005 to 2019 on FX. The show follows the lives of five friends living in a house in Philadelphia, Pennsylvania. Each character has their own quirks and personalities.

Charlie is one of the main characters in the show. He is portrayed as a gay man who works at a diner called ""The Diner"" with his friends Dee, Charlie, Mac, Dee, and Frank. However, I don't have specific information about which actor plays Charlie in the show.

If you're looking for accurate information about the cast of ""It's Always Sunny,"" I would recommend checking official sources such as the FX website or reputable entertainment news outlets that specialize in TV shows. These resources typically provide up-to-date and detailed information about the cast, including the actors who play each character.

Without access to a specific context or additional information, I can't confidently state who plays Charlie on ""It's Always Sunny."" If you have any other questions about the show or its characters that don't require specific details, feel free to ask!",1,"Evasive AND wrong (""gay man at diner""); never names Charlie Day"
73,What kind of car in to catch a thief?,"This question is a playful reference to the classic children's rhyme ""To Catch a Thief, You Need a Fast Car."" The answer, therefore, isn't about a specific make or model but rather the *type* of car needed. 

The rhyme implies that you need a **fast car** to catch a thief. This means any vehicle known for its speed and performance would fit the bill. Historically, this might have referred to sports cars like Porsches or Ferraris, which were symbols of speed and luxury. Today, it could encompass high-performance sedans (like BMW M series or Mercedes-AMG models), powerful SUVs, or even electric vehicles with rapid acceleration. 

Ultimately, the ""right"" car is one that can outpace the thief – prioritizing acceleration and handling over other features like comfort or fuel efficiency.



",1,"FALSE: invents ""children rhyme""; misses 1955 Hitchcock film"
74,When did toronto host the mlb all-star game?," The Toronto Blue Jays baseball team has hosted the Major League Baseball (MLB) All-Star Game on three occasions, and these events took place in different years. Here's a brief overview of each event:

1. 1985: The first time Toronto hosted the MLB All-Star Game was on July 9, 1985, at SkyDome (now known as Rogers Centre). The American League defeated the National League with a score of 6-1, and Don Mattingly from the New York Yankees was named the Most Valuable Player (MVP) of the game.

2. 2013: The second time Toronto hosted the All-Star Game was on July 16, 2013, also at Rogers Centre. This event marked the first time that the Midsummer Classic was played outside of the United States since 1954. The American League won again, this time with a score of 5-3, and Robinson Cano from the Seattle Mariners was named the MVP.

3. 2021: The most recent All-Star Game hosted by Toronto took place on July 13, 2021, once again at Rogers Centre. The American League won for the third consecutive time, defeating the National League with a score of 4-3 in extra innings. Shohei Ohtani from the Los Angeles Angels was named the MVP after hitting a home run and pitching a scoreless inning.

In summary, Toronto has hosted three MLB All-Star Games: in 1985, 2013, and most recently in 2021.",1,FALSE: 1985/2013/2021 - all wrong; only 1991
